[{"model": "admin.logentry", "pk": 1, "fields": {"action_time": "2026-06-01T14:27:09.777Z", "user": 1, "content_type": 13, "object_id": "1", "object_repr": "Tetris (GB)", "action_flag": 1, "change_message": "[{\"added\": {}}, {\"added\": {\"name\": \"graded item\", \"object\": \"Tetris - 9.6\"}}]"}}, {"model": "admin.logentry", "pk": 2, "fields": {"action_time": "2026-06-01T15:25:22.594Z", "user": 1, "content_type": 13, "object_id": "2", "object_repr": "Crash Bandicoot (PS1)", "action_flag": 1, "change_message": "[{\"added\": {}}, {\"added\": {\"name\": \"graded item\", \"object\": \"Crash Bandicoot - 9.4\"}}]"}}, {"model": "admin.logentry", "pk": 3, "fields": {"action_time": "2026-06-01T15:27:30.826Z", "user": 1, "content_type": 13, "object_id": "3", "object_repr": "Excitebike (NES)", "action_flag": 1, "change_message": "[{\"added\": {}}, {\"added\": {\"name\": \"graded item\", \"object\": \"Excitebike - 9.0\"}}, {\"added\": {\"name\": \"graded item\", \"object\": \"Excitebike - 9.8\"}}]"}}, {"model": "admin.logentry", "pk": 4, "fields": {"action_time": "2026-06-01T15:30:03.796Z", "user": 1, "content_type": 13, "object_id": "4", "object_repr": "Final Fantasy III (SNES)", "action_flag": 1, "change_message": "[{\"added\": {}}, {\"added\": {\"name\": \"graded item\", \"object\": \"Final Fantasy III - 9.4\"}}]"}}, {"model": "admin.logentry", "pk": 5, "fields": {"action_time": "2026-06-01T15:31:01.650Z", "user": 1, "content_type": 13, "object_id": "5", "object_repr": "Halo (XBOX)", "action_flag": 1, "change_message": "[{\"added\": {}}, {\"added\": {\"name\": \"graded item\", \"object\": \"Halo - 9.8\"}}]"}}, {"model": "admin.logentry", "pk": 6, "fields": {"action_time": "2026-06-01T15:33:09.245Z", "user": 1, "content_type": 13, "object_id": "6", "object_repr": "Mario Kart 64 (N64)", "action_flag": 1, "change_message": "[{\"added\": {}}, {\"added\": {\"name\": \"graded item\", \"object\": \"Mario Kart 64 - 9.4\"}}, {\"added\": {\"name\": \"graded item\", \"object\": \"Mario Kart 64 - 9.6\"}}, {\"added\": {\"name\": \"graded item\", \"object\": \"Mario Kart 64 - 9.8\"}}]"}}, {"model": "admin.logentry", "pk": 7, "fields": {"action_time": "2026-06-01T15:35:17.637Z", "user": 1, "content_type": 13, "object_id": "7", "object_repr": "Mario Party (N64)", "action_flag": 1, "change_message": "[{\"added\": {}}, {\"added\": {\"name\": \"graded item\", \"object\": \"Mario Party - 9.8\"}}]"}}, {"model": "admin.logentry", "pk": 8, "fields": {"action_time": "2026-06-01T15:39:22.152Z", "user": 1, "content_type": 13, "object_id": "8", "object_repr": "Pokemon Blue (GB)", "action_flag": 1, "change_message": "[{\"added\": {}}, {\"added\": {\"name\": \"graded item\", \"object\": \"Pokemon Blue - 9.4\"}}, {\"added\": {\"name\": \"graded item\", \"object\": \"Pokemon Blue - 9.6\"}}]"}}, {"model": "admin.logentry", "pk": 9, "fields": {"action_time": "2026-06-01T15:40:17.561Z", "user": 1, "content_type": 13, "object_id": "9", "object_repr": "Pokemon Red (GB)", "action_flag": 1, "change_message": "[{\"added\": {}}, {\"added\": {\"name\": \"graded item\", \"object\": \"Pokemon Red - 9.4\"}}, {\"added\": {\"name\": \"graded item\", \"object\": \"Pokemon Red - 9.8\"}}]"}}, {"model": "admin.logentry", "pk": 10, "fields": {"action_time": "2026-06-01T15:41:27.910Z", "user": 1, "content_type": 13, "object_id": "10", "object_repr": "Super Mario World (SNES)", "action_flag": 1, "change_message": "[{\"added\": {}}, {\"added\": {\"name\": \"graded item\", \"object\": \"Super Mario World - 9.0\"}}]"}}, {"model": "admin.logentry", "pk": 11, "fields": {"action_time": "2026-06-01T15:43:20.159Z", "user": 1, "content_type": 13, "object_id": "11", "object_repr": "Twisted Metal (PS1)", "action_flag": 1, "change_message": "[{\"added\": {}}, {\"added\": {\"name\": \"graded item\", \"object\": \"Twisted Metal - 9.4\"}}, {\"added\": {\"name\": \"graded item\", \"object\": \"Twisted Metal - 9.6\"}}]"}}, {"model": "admin.logentry", "pk": 12, "fields": {"action_time": "2026-06-01T15:45:01.245Z", "user": 1, "content_type": 13, "object_id": "12", "object_repr": "The Legend of Zelda (NES)", "action_flag": 1, "change_message": "[{\"added\": {}}, {\"added\": {\"name\": \"graded item\", \"object\": \"The Legend of Zelda - 9.2\"}}, {\"added\": {\"name\": \"graded item\", \"object\": \"The Legend of Zelda - 9.8\"}}]"}}, {"model": "admin.logentry", "pk": 13, "fields": {"action_time": "2026-06-21T14:21:19.679Z", "user": 1, "content_type": 13, "object_id": "2", "object_repr": "Crash Bandicoot (PS1)", "action_flag": 2, "change_message": "[{\"changed\": {\"fields\": [\"Cover image\"]}}]"}}, {"model": "admin.logentry", "pk": 14, "fields": {"action_time": "2026-06-21T14:27:27.968Z", "user": 1, "content_type": 13, "object_id": "2", "object_repr": "Crash Bandicoot (PS1)", "action_flag": 2, "change_message": "[{\"changed\": {\"fields\": [\"Cover image\"]}}]"}}, {"model": "admin.logentry", "pk": 15, "fields": {"action_time": "2026-06-21T14:37:45.790Z", "user": 1, "content_type": 13, "object_id": "13", "object_repr": "Test (NES)", "action_flag": 1, "change_message": "[{\"added\": {}}]"}}, {"model": "admin.logentry", "pk": 16, "fields": {"action_time": "2026-06-21T14:40:53.954Z", "user": 1, "content_type": 13, "object_id": "13", "object_repr": "Test (NES)", "action_flag": 3, "change_message": ""}}, {"model": "admin.logentry", "pk": 17, "fields": {"action_time": "2026-06-21T14:41:25.908Z", "user": 1, "content_type": 13, "object_id": "12", "object_repr": "The Legend of Zelda (NES)", "action_flag": 2, "change_message": "[{\"changed\": {\"fields\": [\"Cover image\"]}}, {\"changed\": {\"name\": \"graded item\", \"object\": \"The Legend of Zelda - 9.2\", \"fields\": [\"Slab image\"]}}, {\"changed\": {\"name\": \"graded item\", \"object\": \"The Legend of Zelda - 9.8\", \"fields\": [\"Slab image\"]}}]"}}, {"model": "admin.logentry", "pk": 18, "fields": {"action_time": "2026-06-21T14:55:16.932Z", "user": 1, "content_type": 13, "object_id": "11", "object_repr": "Twisted Metal (PS1)", "action_flag": 2, "change_message": "[{\"changed\": {\"fields\": [\"Cover image\"]}}, {\"changed\": {\"name\": \"graded item\", \"object\": \"Twisted Metal - 9.4\", \"fields\": [\"Slab image\"]}}, {\"changed\": {\"name\": \"graded item\", \"object\": \"Twisted Metal - 9.6\", \"fields\": [\"Slab image\"]}}]"}}, {"model": "admin.logentry", "pk": 19, "fields": {"action_time": "2026-06-21T14:55:31.870Z", "user": 1, "content_type": 13, "object_id": "10", "object_repr": "Super Mario World (SNES)", "action_flag": 2, "change_message": "[{\"changed\": {\"fields\": [\"Cover image\"]}}, {\"changed\": {\"name\": \"graded item\", \"object\": \"Super Mario World - 9.0\", \"fields\": [\"Slab image\"]}}]"}}, {"model": "admin.logentry", "pk": 20, "fields": {"action_time": "2026-06-21T14:55:50.839Z", "user": 1, "content_type": 13, "object_id": "9", "object_repr": "Pokemon Red (GB)", "action_flag": 2, "change_message": "[{\"changed\": {\"fields\": [\"Cover image\"]}}, {\"changed\": {\"name\": \"graded item\", \"object\": \"Pokemon Red - 9.4\", \"fields\": [\"Slab image\"]}}, {\"changed\": {\"name\": \"graded item\", \"object\": \"Pokemon Red - 9.8\", \"fields\": [\"Slab image\"]}}]"}}, {"model": "admin.logentry", "pk": 21, "fields": {"action_time": "2026-06-21T14:56:08.187Z", "user": 1, "content_type": 13, "object_id": "8", "object_repr": "Pokemon Blue (GB)", "action_flag": 2, "change_message": "[{\"changed\": {\"fields\": [\"Cover image\"]}}, {\"changed\": {\"name\": \"graded item\", \"object\": \"Pokemon Blue - 9.4\", \"fields\": [\"Slab image\"]}}, {\"changed\": {\"name\": \"graded item\", \"object\": \"Pokemon Blue - 9.6\", \"fields\": [\"Slab image\"]}}]"}}, {"model": "admin.logentry", "pk": 22, "fields": {"action_time": "2026-06-21T14:56:22.668Z", "user": 1, "content_type": 13, "object_id": "7", "object_repr": "Mario Party (N64)", "action_flag": 2, "change_message": "[{\"changed\": {\"fields\": [\"Cover image\"]}}, {\"changed\": {\"name\": \"graded item\", \"object\": \"Mario Party - 9.8\", \"fields\": [\"Slab image\"]}}]"}}, {"model": "admin.logentry", "pk": 23, "fields": {"action_time": "2026-06-21T14:56:47.234Z", "user": 1, "content_type": 13, "object_id": "6", "object_repr": "Mario Kart 64 (N64)", "action_flag": 2, "change_message": "[{\"changed\": {\"fields\": [\"Cover image\"]}}, {\"changed\": {\"name\": \"graded item\", \"object\": \"Mario Kart 64 - 9.4\", \"fields\": [\"Slab image\"]}}, {\"changed\": {\"name\": \"graded item\", \"object\": \"Mario Kart 64 - 9.6\", \"fields\": [\"Slab image\"]}}, {\"changed\": {\"name\": \"graded item\", \"object\": \"Mario Kart 64 - 9.8\", \"fields\": [\"Slab image\"]}}]"}}, {"model": "admin.logentry", "pk": 24, "fields": {"action_time": "2026-06-21T14:56:58.126Z", "user": 1, "content_type": 13, "object_id": "5", "object_repr": "Halo (XBOX)", "action_flag": 2, "change_message": "[{\"changed\": {\"fields\": [\"Cover image\"]}}, {\"changed\": {\"name\": \"graded item\", \"object\": \"Halo - 9.8\", \"fields\": [\"Slab image\"]}}]"}}, {"model": "admin.logentry", "pk": 25, "fields": {"action_time": "2026-06-21T14:57:11.111Z", "user": 1, "content_type": 13, "object_id": "4", "object_repr": "Final Fantasy III (SNES)", "action_flag": 2, "change_message": "[{\"changed\": {\"fields\": [\"Cover image\"]}}, {\"changed\": {\"name\": \"graded item\", \"object\": \"Final Fantasy III - 9.4\", \"fields\": [\"Slab image\"]}}]"}}, {"model": "admin.logentry", "pk": 26, "fields": {"action_time": "2026-06-21T14:57:28.798Z", "user": 1, "content_type": 13, "object_id": "3", "object_repr": "Excitebike (NES)", "action_flag": 2, "change_message": "[{\"changed\": {\"fields\": [\"Cover image\"]}}, {\"changed\": {\"name\": \"graded item\", \"object\": \"Excitebike - 9.0\", \"fields\": [\"Slab image\"]}}, {\"changed\": {\"name\": \"graded item\", \"object\": \"Excitebike - 9.8\", \"fields\": [\"Slab image\"]}}]"}}, {"model": "admin.logentry", "pk": 27, "fields": {"action_time": "2026-06-21T14:57:40.981Z", "user": 1, "content_type": 13, "object_id": "2", "object_repr": "Crash Bandicoot (PS1)", "action_flag": 2, "change_message": "[{\"changed\": {\"fields\": [\"Cover image\"]}}, {\"changed\": {\"name\": \"graded item\", \"object\": \"Crash Bandicoot - 9.4\", \"fields\": [\"Slab image\"]}}]"}}, {"model": "admin.logentry", "pk": 28, "fields": {"action_time": "2026-06-21T14:57:53.640Z", "user": 1, "content_type": 13, "object_id": "1", "object_repr": "Tetris (GB)", "action_flag": 2, "change_message": "[{\"changed\": {\"fields\": [\"Cover image\"]}}, {\"changed\": {\"name\": \"graded item\", \"object\": \"Tetris - 9.6\", \"fields\": [\"Slab image\"]}}]"}}, {"model": "auth.user", "pk": 1, "fields": {"password": "pbkdf2_sha256$1000000$cEmFQpHOphMALbjMnc2MQL$6TqW+gDRj63X1d3u5ClGueU4p1eIn5MwRxYbbvnjkk8=", "last_login": "2026-06-20T09:41:47.702Z", "is_superuser": true, "username": "dominategame", "first_name": "", "last_name": "", "email": "nathan_smillie@hotmail.com", "is_staff": true, "is_active": true, "date_joined": "2026-06-01T11:07:27.888Z", "groups": [], "user_permissions": []}}, {"model": "auth.user", "pk": 2, "fields": {"password": "pbkdf2_sha256$1000000$rv2nEB7mu1baW4x4IHUjbb$4rBtfqLLlVXx2N0jzbamS6nzznl7K9o0WZDcLIRAi/Q=", "last_login": "2026-06-03T10:16:47.303Z", "is_superuser": false, "username": "NathanSmillie", "first_name": "", "last_name": "", "email": "dominategamehs@gmail.com", "is_staff": false, "is_active": true, "date_joined": "2026-06-03T10:09:24.747Z", "groups": [], "user_permissions": []}}, {"model": "auth.user", "pk": 3, "fields": {"password": "pbkdf2_sha256$1000000$WUcjS8eQwpM5wMyHWJPGuq$rK9tdQf6IzicvczFd3eTsOpOvTOIqxxwkknSCaFMnE8=", "last_login": "2026-06-04T09:09:53.155Z", "is_superuser": false, "username": "Nathan", "first_name": "", "last_name": "", "email": "dominategame1@gmail.com", "is_staff": false, "is_active": true, "date_joined": "2026-06-04T09:09:52.450Z", "groups": [], "user_permissions": []}}, {"model": "sessions.session", "pk": "lrvpzk746unjzon1soqfmx0wx4orwsg8", "fields": {"session_data": ".eJxVkMFugzAMht_FZ4RCgMThuPueYJqQSUzJNpKKBK1V1Xcf6XqpfLH9f_4t-wZkbdxDHmnPC4fsLWUfw7hyXqJLMHzc4D-HAc6U0m_cHFRAGYZGY2M67IWulWmU0BXsibdAKx-wi6sPlPlUyvtnBY8VYyFGX9waeOlNZL85FMF9UTjF2saQNz_VBamfaqrfo-Oftyf7YrBQWo5pKSXbflISUbQoFRKLI4xqO92j1KIzCucebTs5rZHEPLveokbUXYPmYZo4pfIFvpz9dj0ulcIoIe5_JHZi5A:1wasdb:99fD05LQwh4b5TAWLYZNwBTruDaZs5CU5DwN2BWHZgQ", "expire_date": "2026-07-04T10:09:19.220Z"}}, {"model": "sites.site", "pk": 1, "fields": {"domain": "example.com", "name": "example.com"}}, {"model": "account.emailaddress", "pk": 1, "fields": {"user": 2, "email": "dominategamehs@gmail.com", "verified": false, "primary": true}}, {"model": "account.emailaddress", "pk": 2, "fields": {"user": 3, "email": "dominategame1@gmail.com", "verified": false, "primary": true}}, {"model": "store.game", "pk": 1, "fields": {"title": "Tetris", "console": "GB", "genre": "puzzle", "description": "Tetris is a puzzle video game created by Alexey Pajitnov, a Soviet software engineer, in the mid-1980s", "cover_image": "media/games/tetris-cover_jeddhf"}}, {"model": "store.game", "pk": 2, "fields": {"title": "Crash Bandicoot", "console": "PS1", "genre": "platformer", "description": "Crash Bandicoot is a 1996 platform game developed by Naughty Dog and published by Sony Computer Entertainment for the PlayStation.", "cover_image": "media/games/crash-bandicoot-cover_qhpbx1"}}, {"model": "store.game", "pk": 3, "fields": {"title": "Excitebike", "console": "NES", "genre": "sports", "description": "Excitebike is a 1984 racing video game developed and published by Nintendo for the Nintendo Entertainment System.", "cover_image": "media/games/excitebike-cover_krw5ta"}}, {"model": "store.game", "pk": 4, "fields": {"title": "Final Fantasy III", "console": "SNES", "genre": "rpg", "description": "Final Fantasy III is a 1990 role-playing video game developed and published by Squaresoft.", "cover_image": "media/games/final-fantasy-cover_pl9bbu"}}, {"model": "store.game", "pk": 5, "fields": {"title": "Halo", "console": "XBOX", "genre": "action", "description": "Halo: Combat Evolved is a 2001 first-person shooter game developed by Bungie and published by Microsoft Game Studios.", "cover_image": "media/games/halo-cover_roi1cf"}}, {"model": "store.game", "pk": 6, "fields": {"title": "Mario Kart 64", "console": "N64", "genre": "racing", "description": "Mario Kart 64 is a 1996 kart racing game for the Nintendo 64 (N64). Developed and published by Nintendo.", "cover_image": "media/games/mario-kart-cover_rygw2g"}}, {"model": "store.game", "pk": 7, "fields": {"title": "Mario Party", "console": "N64", "genre": "puzzle", "description": "Mario Party is a party game released for the Nintendo 64 as the first instalment in the titular Mario Party series.", "cover_image": "media/games/mario-party-cover_m5iuu7"}}, {"model": "store.game", "pk": 8, "fields": {"title": "Pokemon Blue", "console": "GB", "genre": "rpg", "description": "Pokémon Blue is a 1996 role-playing video game (RPGs) developed by Game Freak and published by Nintendo for the Game Boy.", "cover_image": "media/games/pokemon-blue-cover_uyy1bn"}}, {"model": "store.game", "pk": 9, "fields": {"title": "Pokemon Red", "console": "GB", "genre": "rpg", "description": "Pokémon Red is a 1996 role-playing video game (RPGs) developed by Game Freak and published by Nintendo for the Game Boy.", "cover_image": "media/games/pokemon-red-cover_y4pcmi"}}, {"model": "store.game", "pk": 10, "fields": {"title": "Super Mario World", "console": "SNES", "genre": "platformer", "description": "Super Mario World is a 1990 platform game developed and published by Nintendo for the Super Nintendo Entertainment System (SNES).", "cover_image": "media/games/super-mario-world-cover_pknrsi"}}, {"model": "store.game", "pk": 11, "fields": {"title": "Twisted Metal", "console": "PS1", "genre": "racing", "description": "Twisted Metal is a vehicular combat video game originally developed by SingleTrac and published by Sony Interactive Entertainment.", "cover_image": "media/games/twisted-metal-cover_ihnsru"}}, {"model": "store.game", "pk": 12, "fields": {"title": "The Legend of Zelda", "console": "NES", "genre": "rpg", "description": "The Legend of Zelda is a 1986 action-adventure game developed and published by Nintendo.", "cover_image": "media/games/zelda-cover_zmhtql"}}, {"model": "store.gradeditem", "pk": 1, "fields": {"game": 1, "grade": "9.6", "price": "100.00", "is_available": false, "slab_image": "media/graded_items/tetris-slab_eaelsd", "created_at": "2026-06-01T14:27:09.777Z"}}, {"model": "store.gradeditem", "pk": 2, "fields": {"game": 2, "grade": "9.4", "price": "125.00", "is_available": false, "slab_image": "media/graded_items/crash-bandicoot-slab9.4_h6uiiz", "created_at": "2026-06-01T15:25:22.594Z"}}, {"model": "store.gradeditem", "pk": 3, "fields": {"game": 3, "grade": "9.0", "price": "85.00", "is_available": true, "slab_image": "media/graded_items/excitebike-slab-9.0_odmzge", "created_at": "2026-06-01T15:27:30.825Z"}}, {"model": "store.gradeditem", "pk": 4, "fields": {"game": 3, "grade": "9.8", "price": "130.00", "is_available": true, "slab_image": "media/graded_items/excitebike-slab-9.8_bgdzjo", "created_at": "2026-06-01T15:27:30.826Z"}}, {"model": "store.gradeditem", "pk": 5, "fields": {"game": 4, "grade": "9.4", "price": "265.00", "is_available": true, "slab_image": "media/graded_items/final-fantasy-slab-9.4_st4f8n", "created_at": "2026-06-01T15:30:03.795Z"}}, {"model": "store.gradeditem", "pk": 6, "fields": {"game": 5, "grade": "9.8", "price": "105.00", "is_available": true, "slab_image": "media/graded_items/halo-slab-9.8_wkyv16", "created_at": "2026-06-01T15:31:01.649Z"}}, {"model": "store.gradeditem", "pk": 7, "fields": {"game": 6, "grade": "9.4", "price": "225.00", "is_available": false, "slab_image": "media/graded_items/mario-kart-slab-9.4_dawkau", "created_at": "2026-06-01T15:33:09.243Z"}}, {"model": "store.gradeditem", "pk": 8, "fields": {"game": 6, "grade": "9.6", "price": "275.00", "is_available": true, "slab_image": "media/graded_items/mario-kart-slab-9.6_olvvle", "created_at": "2026-06-01T15:33:09.244Z"}}, {"model": "store.gradeditem", "pk": 9, "fields": {"game": 6, "grade": "9.8", "price": "450.00", "is_available": true, "slab_image": "media/graded_items/mario-kart-slab-9.8_xmivmo", "created_at": "2026-06-01T15:33:09.245Z"}}, {"model": "store.gradeditem", "pk": 10, "fields": {"game": 7, "grade": "9.8", "price": "499.00", "is_available": true, "slab_image": "media/graded_items/mario-party-slab-9.8_akw2oi", "created_at": "2026-06-01T15:35:17.637Z"}}, {"model": "store.gradeditem", "pk": 11, "fields": {"game": 8, "grade": "9.4", "price": "135.00", "is_available": true, "slab_image": "media/graded_items/pokemon-blue-9.4_swjkox", "created_at": "2026-06-01T15:39:22.151Z"}}, {"model": "store.gradeditem", "pk": 12, "fields": {"game": 8, "grade": "9.6", "price": "170.00", "is_available": true, "slab_image": "media/graded_items/pokemon-blue-slab-9.6_okq8he", "created_at": "2026-06-01T15:39:22.152Z"}}, {"model": "store.gradeditem", "pk": 13, "fields": {"game": 9, "grade": "9.4", "price": "145.00", "is_available": false, "slab_image": "media/graded_items/pokemon-red-slab-9.4_mcax09", "created_at": "2026-06-01T15:40:17.559Z"}}, {"model": "store.gradeditem", "pk": 14, "fields": {"game": 9, "grade": "9.8", "price": "250.00", "is_available": true, "slab_image": "media/graded_items/pokemon-red-slab-9.8_e6fwll", "created_at": "2026-06-01T15:40:17.561Z"}}, {"model": "store.gradeditem", "pk": 15, "fields": {"game": 10, "grade": "9.0", "price": "99.00", "is_available": true, "slab_image": "media/graded_items/super-mario-world-slab-9.0_jsnqi4", "created_at": "2026-06-01T15:41:27.909Z"}}, {"model": "store.gradeditem", "pk": 16, "fields": {"game": 11, "grade": "9.4", "price": "85.00", "is_available": false, "slab_image": "media/graded_items/twisted-metal-slab-9.4_ojqoc6", "created_at": "2026-06-01T15:43:20.159Z"}}, {"model": "store.gradeditem", "pk": 17, "fields": {"game": 11, "grade": "9.6", "price": "89.00", "is_available": true, "slab_image": "media/graded_items/twisted-metal-slab-9.6_kfmbig", "created_at": "2026-06-01T15:43:20.159Z"}}, {"model": "store.gradeditem", "pk": 18, "fields": {"game": 12, "grade": "9.2", "price": "250.00", "is_available": true, "slab_image": "media/graded_items/zelda-slab-9.2_sgsb6p", "created_at": "2026-06-01T15:45:01.243Z"}}, {"model": "store.gradeditem", "pk": 19, "fields": {"game": 12, "grade": "9.8", "price": "495.00", "is_available": true, "slab_image": "media/graded_items/zelda-slab-9.8_nqvbaj", "created_at": "2026-06-01T15:45:01.245Z"}}, {"model": "checkout.order", "pk": 1, "fields": {"order_number": "0B5771AA98E24B309F212829786F7987", "user": 3, "full_name": "Nathan Smillie", "email": "dominategamehs@gmail.com", "phone_number": "01212121212121", "street_address1": "36 BIRHCHWOOD ROAD", "street_address2": "", "town_or_city": "Nottingham", "postcode": "NG82ET", "county": "", "country": "United Kingdom", "stripe_pid": "", "original_basket": "", "created_at": "2026-06-04T10:56:27.925Z", "order_total": "100.00"}}, {"model": "checkout.order", "pk": 2, "fields": {"order_number": "D68266C7F8F14B1F94097D79E64971E5", "user": 3, "full_name": "Nathan Smillie", "email": "dominategamehs@gmail.com", "phone_number": "01212121212121", "street_address1": "36 BIRHCHWOOD ROAD", "street_address2": "", "town_or_city": "Nottingham", "postcode": "NG82ET", "county": "", "country": "United Kingdom", "stripe_pid": "", "original_basket": "", "created_at": "2026-06-04T11:15:44.575Z", "order_total": "225.00"}}, {"model": "checkout.order", "pk": 3, "fields": {"order_number": "284EF027AF394290A07956DAC196C1E2", "user": 1, "full_name": "Nathan Smillie", "email": "dominategamehs@gmail.com", "phone_number": "01212121212121", "street_address1": "36 BIRCHWOOD ROAD", "street_address2": "", "town_or_city": "Nottingham", "postcode": "NG82ET", "county": "", "country": "United Kingdom", "stripe_pid": "", "original_basket": "", "created_at": "2026-06-07T09:22:20.229Z", "order_total": "100.00"}}, {"model": "checkout.order", "pk": 4, "fields": {"order_number": "AB47C3EDF71940EEAB64BADEEDB7A673", "user": 1, "full_name": "Nathan Smillie", "email": "dominategamehs@gmail.com", "phone_number": "01212121212121", "street_address1": "36 BIRHCHWOOD ROAD", "street_address2": "", "town_or_city": "Nottingham", "postcode": "NG82ET", "county": "", "country": "United Kingdom", "stripe_pid": "", "original_basket": "", "created_at": "2026-06-07T09:39:52.847Z", "order_total": "100.00"}}, {"model": "checkout.order", "pk": 5, "fields": {"order_number": "6A72FAA594774B2C99D791618DD9D20F", "user": 1, "full_name": "Nathan Smillie", "email": "dominategamehs@gmail.com", "phone_number": "01212121212121", "street_address1": "36 BIRHCHWOOD ROAD", "street_address2": "", "town_or_city": "Nottingham", "postcode": "NG82ET", "county": "", "country": "United Kingdom", "stripe_pid": "pi_3Tg4hwI6r1gKshmx1EVOEZvt", "original_basket": "[6]", "created_at": "2026-06-08T15:03:40.512Z", "order_total": "105.00"}}, {"model": "checkout.order", "pk": 6, "fields": {"order_number": "5D5507623DF446308CC46F09E9F62E89", "user": 1, "full_name": "Nathan Smillie", "email": "dominategamehs@gmail.com", "phone_number": "01212121212121", "street_address1": "36 BIRHCHWOOD ROAD", "street_address2": "", "town_or_city": "Nottingham", "postcode": "NG82ET", "county": "", "country": "United Kingdom", "stripe_pid": "pi_3Tg4ukI6r1gKshmx0QmWGWPp", "original_basket": "[2]", "created_at": "2026-06-08T15:16:53.720Z", "order_total": "125.00"}}, {"model": "checkout.order", "pk": 7, "fields": {"order_number": "CE6F7D0F66C14A24904E1C5B729859A3", "user": 1, "full_name": "Nathan Smillie", "email": "dominategamehs@gmail.com", "phone_number": "01212121212121", "street_address1": "36 BIRHCHWOOD ROAD", "street_address2": "", "town_or_city": "Nottingham", "postcode": "NG82ET", "county": "", "country": "United Kingdom", "stripe_pid": "pi_3Tg52QI6r1gKshmx14SDNV2h", "original_basket": "[4]", "created_at": "2026-06-08T15:24:59.263Z", "order_total": "130.00"}}, {"model": "checkout.order", "pk": 8, "fields": {"order_number": "8A6861BD3E144173B84079D96E8D852D", "user": null, "full_name": "Webhook User", "email": "webhook@stripe.com", "phone_number": "000", "street_address1": "Webhook Address", "street_address2": "", "town_or_city": "Webhook City", "postcode": "000", "county": "", "country": "GB", "stripe_pid": "pi_3Tg52QI6r1gKshmx14SDNV2h", "original_basket": "[4]", "created_at": "2026-06-08T15:24:59.396Z", "order_total": "0.00"}}, {"model": "checkout.order", "pk": 9, "fields": {"order_number": "3EB189557CBE455F85B2B23646915937", "user": null, "full_name": "Webhook User", "email": "webhook@stripe.com", "phone_number": "000", "street_address1": "Webhook Address", "street_address2": "", "town_or_city": "Webhook City", "postcode": "000", "county": "", "country": "GB", "stripe_pid": "pi_3Tg52QI6r1gKshmx14SDNV2h", "original_basket": "[4]", "created_at": "2026-06-08T15:24:59.414Z", "order_total": "0.00"}}, {"model": "checkout.order", "pk": 10, "fields": {"order_number": "F6FCFDAC1D1B4351A657E1A2EF607FA7", "user": 1, "full_name": "Nathan Smillie", "email": "dominategamehs@gmail.com", "phone_number": "01212121212121", "street_address1": "36 BIRHCHWOOD ROAD", "street_address2": "", "town_or_city": "Nottingham", "postcode": "NG82ET", "county": "", "country": "United Kingdom", "stripe_pid": "pi_3Tg5KCI6r1gKshmx1F8qEzr0", "original_basket": "[10]", "created_at": "2026-06-08T15:43:06.698Z", "order_total": "499.00"}}, {"model": "checkout.order", "pk": 11, "fields": {"order_number": "F37FCDAE372C45BFBA339AA8601F048D", "user": 1, "full_name": "Nathan Smillie", "email": "dominategamehs@gmail.com", "phone_number": "01212121212121", "street_address1": "36 BIRHCHWOOD ROAD", "street_address2": "", "town_or_city": "Nottingham", "postcode": "NG82ET", "county": "", "country": "United Kingdom", "stripe_pid": "pi_3TgLk0I6r1gKshmx1JU7XU1N", "original_basket": "[1]", "created_at": "2026-06-09T09:32:18.732Z", "order_total": "100.00"}}, {"model": "checkout.order", "pk": 12, "fields": {"order_number": "AF7681638E934FD0AE368642D0F0715E", "user": 1, "full_name": "Nathan Smillie", "email": "dominategamehs@gmail.com", "phone_number": "01212121212121", "street_address1": "36 BIRHCHWOOD ROAD", "street_address2": "", "town_or_city": "Nottingham", "postcode": "NG82ET", "county": "", "country": "United Kingdom", "stripe_pid": "pi_3TghoKI6r1gKshmx1v5wp0N5", "original_basket": "[1]", "created_at": "2026-06-10T08:49:14.313Z", "order_total": "100.00"}}, {"model": "checkout.order", "pk": 13, "fields": {"order_number": "7EEB92FB1CBF48CBB8CDA39BABD6BE80", "user": 1, "full_name": "Nathan Smillie", "email": "dominategamehs@gmail.com", "phone_number": "01212121212121", "street_address1": "36 BIRHCHWOOD ROAD", "street_address2": "", "town_or_city": "Nottingham", "postcode": "NG82ET", "county": "", "country": "United Kingdom", "stripe_pid": "pi_3ThX75I6r1gKshmx0eD0Alok", "original_basket": "[2, 1]", "created_at": "2026-06-12T15:35:35.890Z", "order_total": "225.00"}}, {"model": "checkout.order", "pk": 14, "fields": {"order_number": "F228CE4440EB49AB92341C1752C6F202", "user": 1, "full_name": "Nathan Smillie", "email": "dominategamehs@gmail.com", "phone_number": "01212121212121", "street_address1": "36 BIRHCHWOOD ROAD", "street_address2": "", "town_or_city": "Nottingham", "postcode": "NG82ET", "county": "", "country": "United Kingdom", "stripe_pid": "pi_3ThXBII6r1gKshmx0iHx4ZYW", "original_basket": "[2, 13]", "created_at": "2026-06-12T15:39:58.977Z", "order_total": "270.00"}}, {"model": "checkout.order", "pk": 15, "fields": {"order_number": "4D5BB126FB19428BA7DE82825A98A8B1", "user": 1, "full_name": "Nathan Smillie", "email": "nathan_smillie@hotmail.com", "phone_number": "01212121212", "street_address1": "36 BIRHCHWOOD ROAD", "street_address2": "", "town_or_city": "Nottingham", "postcode": "NG82ET", "county": "", "country": "United Kingdom", "stripe_pid": "pi_3TkLg4I6r1gKshmx1haq6mmz", "original_basket": "[7]", "created_at": "2026-06-20T09:59:13.147Z", "order_total": "225.00"}}, {"model": "checkout.order", "pk": 16, "fields": {"order_number": "DDD50D5689564AC1BCA95F1F3F929B76", "user": 1, "full_name": "Nathan Smillie", "email": "nathan_smillie@hotmail.com", "phone_number": "01212121212", "street_address1": "123 Main St", "street_address2": "", "town_or_city": "Nottingham", "postcode": "NG11NN", "county": "", "country": "United Kingdom", "stripe_pid": "pi_3TkLp9I6r1gKshmx0CABPkJm", "original_basket": "[16]", "created_at": "2026-06-20T10:09:19.183Z", "order_total": "85.00"}}, {"model": "checkout.orderlineitem", "pk": 1, "fields": {"order": 1, "graded_item": 1, "item_price": "100.00"}}, {"model": "checkout.orderlineitem", "pk": 2, "fields": {"order": 2, "graded_item": 1, "item_price": "100.00"}}, {"model": "checkout.orderlineitem", "pk": 3, "fields": {"order": 2, "graded_item": 2, "item_price": "125.00"}}, {"model": "checkout.orderlineitem", "pk": 4, "fields": {"order": 3, "graded_item": 1, "item_price": "100.00"}}, {"model": "checkout.orderlineitem", "pk": 5, "fields": {"order": 4, "graded_item": 1, "item_price": "100.00"}}, {"model": "checkout.orderlineitem", "pk": 6, "fields": {"order": 5, "graded_item": 6, "item_price": "105.00"}}, {"model": "checkout.orderlineitem", "pk": 7, "fields": {"order": 6, "graded_item": 2, "item_price": "125.00"}}, {"model": "checkout.orderlineitem", "pk": 8, "fields": {"order": 7, "graded_item": 4, "item_price": "130.00"}}, {"model": "checkout.orderlineitem", "pk": 9, "fields": {"order": 8, "graded_item": 4, "item_price": "130.00"}}, {"model": "checkout.orderlineitem", "pk": 10, "fields": {"order": 9, "graded_item": 4, "item_price": "130.00"}}, {"model": "checkout.orderlineitem", "pk": 11, "fields": {"order": 10, "graded_item": 10, "item_price": "499.00"}}, {"model": "checkout.orderlineitem", "pk": 12, "fields": {"order": 11, "graded_item": 1, "item_price": "100.00"}}, {"model": "checkout.orderlineitem", "pk": 13, "fields": {"order": 12, "graded_item": 1, "item_price": "100.00"}}, {"model": "checkout.orderlineitem", "pk": 14, "fields": {"order": 13, "graded_item": 2, "item_price": "125.00"}}, {"model": "checkout.orderlineitem", "pk": 15, "fields": {"order": 13, "graded_item": 1, "item_price": "100.00"}}, {"model": "checkout.orderlineitem", "pk": 16, "fields": {"order": 14, "graded_item": 2, "item_price": "125.00"}}, {"model": "checkout.orderlineitem", "pk": 17, "fields": {"order": 14, "graded_item": 13, "item_price": "145.00"}}, {"model": "checkout.orderlineitem", "pk": 18, "fields": {"order": 15, "graded_item": 7, "item_price": "225.00"}}, {"model": "checkout.orderlineitem", "pk": 19, "fields": {"order": 16, "graded_item": 16, "item_price": "85.00"}}, {"model": "profiles.userprofile", "pk": 1, "fields": {"user": 1, "default_phone_number": "01212121212", "default_street_address1": "36 BIRHCHWOOD ROAD", "default_street_address2": "", "default_town_or_city": "Nottingham", "default_postcode": "NG82ET", "default_county": "", "default_country": "United Kingdom"}}, {"model": "profiles.userprofile", "pk": 2, "fields": {"user": 2, "default_phone_number": "", "default_street_address1": "", "default_street_address2": "", "default_town_or_city": "", "default_postcode": "", "default_county": "", "default_country": ""}}, {"model": "profiles.userprofile", "pk": 3, "fields": {"user": 3, "default_phone_number": "", "default_street_address1": "", "default_street_address2": "", "default_town_or_city": "", "default_postcode": "", "default_county": "", "default_country": ""}}, {"model": "wishlist.wishlist", "pk": 1, "fields": {"user_profile": 1}}, {"model": "wishlist.wishlist", "pk": 2, "fields": {"user_profile": 2}}, {"model": "wishlist.wishlist", "pk": 3, "fields": {"user_profile": 3}}, {"model": "wishlist.wishlistitem", "pk": 2, "fields": {"wishlist": 1, "game": 6, "notes": "looking for grade higher than 9.4", "added_on": "2026-06-15T09:08:06.180Z"}}, {"model": "wishlist.wishlistitem", "pk": 4, "fields": {"wishlist": 1, "game": 11, "notes": "", "added_on": "2026-06-15T09:08:14.017Z"}}, {"model": "wishlist.wishlistitem", "pk": 5, "fields": {"wishlist": 1, "game": 1, "notes": "", "added_on": "2026-06-17T12:06:25.436Z"}}, {"model": "wishlist.wishlistitem", "pk": 6, "fields": {"wishlist": 1, "game": 5, "notes": "", "added_on": "2026-06-19T07:02:39.841Z"}}]